sweep,September elevation (deg),August elevation (deg),range start (km),range end (km),September gates,August gates,difference,September % of valid gates,August % of valid gates
0,32.0,32.0,0,10,2007,156,1851,38.78,9.04
0,32.0,32.0,10,20,915,197,718,42.48,33.39
0,32.0,32.0,20,30,944,1012,-68,91.74,92.25
0,32.0,32.0,30,40,603,556,47,95.87,96.19
0,32.0,32.0,40,50,80,42,38,100.00,100.00
0,32.0,32.0,50,60,35,25,10,100.00,96.15
0,32.0,32.0,60,70,42,19,23,100.00,100.00
0,32.0,32.0,70,80,9,2,7,100.00,100.00
0,32.0,32.0,80,90,0,0,0,0.00,0.00
0,32.0,32.0,90,100,0,0,0,0.00,0.00
0,32.0,32.0,100,110,0,0,0,0.00,0.00
0,32.0,32.0,110,120,0,0,0,0.00,0.00
0,32.0,32.0,120,130,0,0,0,0.00,0.00
0,32.0,32.0,130,140,0,0,0,0.00,0.00
0,32.0,32.0,140,150,0,0,0,0.00,0.00
0,32.0,32.0,150,160,0,0,0,0.00,0.00
0,32.0,32.0,160,170,0,0,0,0.00,0.00
0,32.0,32.0,170,180,0,0,0,0.00,0.00
0,32.0,32.0,180,190,0,0,0,0.00,0.00
0,32.0,32.0,190,200,0,0,0,0.00,0.00
0,32.0,32.0,200,210,0,0,0,0.00,0.00
0,32.0,32.0,210,220,0,0,0,0.00,0.00
0,32.0,32.0,220,230,0,0,0,0.00,0.00
0,32.0,32.0,230,240,0,0,0,0.00,0.00
0,32.0,32.0,240,250,0,0,0,0.00,0.00
0,32.0,32.0,250,260,0,0,0,0.00,0.00
0,32.0,32.0,260,270,0,0,0,0.00,0.00
0,32.0,32.0,270,280,0,0,0,0.00,0.00
0,32.0,32.0,280,290,0,0,0,0.00,0.00
0,32.0,32.0,290,300,0,0,0,0.00,0.00
0,32.0,32.0,300,310,0,0,0,0.00,0.00
0,32.0,32.0,310,320,0,0,0,0.00,0.00
0,32.0,32.0,320,330,0,0,0,0.00,0.00
0,32.0,32.0,330,340,0,0,0,0.00,0.00
0,32.0,32.0,340,350,0,0,0,0.00,0.00
0,32.0,32.0,350,360,0,0,0,0.00,0.00
0,32.0,32.0,360,370,0,0,0,0.00,0.00
0,32.0,32.0,370,380,0,0,0,0.00,0.00
1,23.0,23.0,0,10,2566,185,2381,42.56,9.96
1,23.0,23.0,10,20,1241,99,1142,47.48,22.25
1,23.0,23.0,20,30,751,852,-101,88.15,87.03
1,23.0,23.0,30,40,679,690,-11,93.53,92.00
1,23.0,23.0,40,50,259,314,-55,97.00,97.82
1,23.0,23.0,50,60,156,173,-17,98.11,98.86
1,23.0,23.0,60,70,112,50,62,99.12,100.00
1,23.0,23.0,70,80,121,78,43,99.18,100.00
1,23.0,23.0,80,90,44,23,21,100.00,100.00
1,23.0,23.0,90,100,4,6,-2,100.00,100.00
1,23.0,23.0,100,110,8,0,8,100.00,0.00
1,23.0,23.0,110,120,4,1,3,100.00,100.00
1,23.0,23.0,120,130,13,1,12,92.86,100.00
1,23.0,23.0,130,140,0,0,0,0.00,0.00
1,23.0,23.0,140,150,0,0,0,0.00,0.00
1,23.0,23.0,150,160,0,0,0,0.00,0.00
1,23.0,23.0,160,170,0,0,0,0.00,0.00
1,23.0,23.0,170,180,0,0,0,0.00,0.00
1,23.0,23.0,180,190,0,0,0,0.00,0.00
1,23.0,23.0,190,200,0,0,0,0.00,0.00
1,23.0,23.0,200,210,0,0,0,0.00,0.00
1,23.0,23.0,210,220,0,0,0,0.00,0.00
1,23.0,23.0,220,230,0,0,0,0.00,0.00
1,23.0,23.0,230,240,0,0,0,0.00,0.00
1,23.0,23.0,240,250,0,0,0,0.00,0.00
1,23.0,23.0,250,260,0,0,0,0.00,0.00
1,23.0,23.0,260,270,0,0,0,0.00,0.00
1,23.0,23.0,270,280,0,0,0,0.00,0.00
1,23.0,23.0,280,290,0,0,0,0.00,0.00
1,23.0,23.0,290,300,0,0,0,0.00,0.00
1,23.0,23.0,300,310,0,0,0,0.00,0.00
1,23.0,23.0,310,320,0,0,0,0.00,0.00
1,23.0,23.0,320,330,0,0,0,0.00,0.00
1,23.0,23.0,330,340,0,0,0,0.00,0.00
1,23.0,23.0,340,350,0,0,0,0.00,0.00
1,23.0,23.0,350,360,0,0,0,0.00,0.00
1,23.0,23.0,360,370,0,0,0,0.00,0.00
1,23.0,23.0,370,380,0,0,0,0.00,0.00
2,17.0,17.0,0,10,3498,257,3241,48.04,13.61
2,17.0,17.0,10,20,750,129,621,44.59,27.33
2,17.0,17.0,20,30,821,839,-18,82.43,87.95
2,17.0,17.0,30,40,692,730,-38,93.51,95.42
2,17.0,17.0,40,50,270,233,37,97.47,97.08
2,17.0,17.0,50,60,130,103,27,98.48,99.04
2,17.0,17.0,60,70,84,37,47,98.82,100.00
2,17.0,17.0,70,80,88,57,31,98.88,100.00
2,17.0,17.0,80,90,38,12,26,92.68,100.00
2,17.0,17.0,90,100,6,1,5,100.00,100.00
2,17.0,17.0,100,110,0,0,0,0.00,0.00
2,17.0,17.0,110,120,5,0,5,83.33,0.00
2,17.0,17.0,120,130,5,0,5,71.43,0.00
2,17.0,17.0,130,140,0,0,0,0.00,0.00
2,17.0,17.0,140,150,0,0,0,0.00,0.00
2,17.0,17.0,150,160,0,0,0,0.00,0.00
2,17.0,17.0,160,170,0,0,0,0.00,0.00
2,17.0,17.0,170,180,0,0,0,0.00,0.00
2,17.0,17.0,180,190,0,0,0,0.00,0.00
2,17.0,17.0,190,200,0,0,0,0.00,0.00
2,17.0,17.0,200,210,0,0,0,0.00,0.00
2,17.0,17.0,210,220,0,0,0,0.00,0.00
2,17.0,17.0,220,230,0,0,0,0.00,0.00
2,17.0,17.0,230,240,0,0,0,0.00,0.00
2,17.0,17.0,240,250,0,0,0,0.00,0.00
2,17.0,17.0,250,260,0,0,0,0.00,0.00
2,17.0,17.0,260,270,0,0,0,0.00,0.00
2,17.0,17.0,270,280,0,0,0,0.00,0.00
2,17.0,17.0,280,290,0,0,0,0.00,0.00
2,17.0,17.0,290,300,0,0,0,0.00,0.00
2,17.0,17.0,300,310,0,0,0,0.00,0.00
2,17.0,17.0,310,320,0,0,0,0.00,0.00
2,17.0,17.0,320,330,0,0,0,0.00,0.00
2,17.0,17.0,330,340,0,0,0,0.00,0.00
2,17.0,17.0,340,350,0,0,0,0.00,0.00
2,17.0,17.0,350,360,0,0,0,0.00,0.00
2,17.0,17.0,360,370,0,0,0,0.00,0.00
2,17.0,17.0,370,380,0,0,0,0.00,0.00
3,13.0,13.0,0,10,5231,312,4919,53.92,13.48
3,13.0,13.0,10,20,80,28,52,14.47,10.37
3,13.0,13.0,20,30,880,453,427,81.26,81.62
3,13.0,13.0,30,40,440,545,-105,89.98,90.83
3,13.0,13.0,40,50,542,501,41,95.09,95.25
3,13.0,13.0,50,60,246,219,27,97.62,97.33
3,13.0,13.0,60,70,170,124,46,98.27,97.64
3,13.0,13.0,70,80,195,209,-14,99.49,99.05
3,13.0,13.0,80,90,72,28,44,98.63,96.55
3,13.0,13.0,90,100,14,6,8,100.00,100.00
3,13.0,13.0,100,110,0,0,0,0.00,0.00
3,13.0,13.0,110,120,3,0,3,100.00,0.00
3,13.0,13.0,120,130,1,0,1,100.00,0.00
3,13.0,13.0,130,140,0,0,0,0.00,0.00
3,13.0,13.0,140,150,0,0,0,0.00,0.00
3,13.0,13.0,150,160,0,0,0,0.00,0.00
3,13.0,13.0,160,170,0,0,0,0.00,0.00
3,13.0,13.0,170,180,0,0,0,0.00,0.00
3,13.0,13.0,180,190,0,0,0,0.00,0.00
3,13.0,13.0,190,200,0,0,0,0.00,0.00
3,13.0,13.0,200,210,0,0,0,0.00,0.00
3,13.0,13.0,210,220,0,0,0,0.00,0.00
3,13.0,13.0,220,230,0,0,0,0.00,0.00
3,13.0,13.0,230,240,0,0,0,0.00,0.00
3,13.0,13.0,240,250,0,0,0,0.00,0.00
3,13.0,13.0,250,260,0,0,0,0.00,0.00
3,13.0,13.0,260,270,0,0,0,0.00,0.00
3,13.0,13.0,270,280,0,0,0,0.00,0.00
3,13.0,13.0,280,290,0,0,0,0.00,0.00
3,13.0,13.0,290,300,0,0,0,0.00,0.00
3,13.0,13.0,300,310,0,0,0,0.00,0.00
3,13.0,13.0,310,320,0,0,0,0.00,0.00
3,13.0,13.0,320,330,0,0,0,0.00,0.00
3,13.0,13.0,330,340,0,0,0,0.00,0.00
3,13.0,13.0,340,350,0,0,0,0.00,0.00
3,13.0,13.0,350,360,0,0,0,0.00,0.00
3,13.0,13.0,360,370,0,0,0,0.00,0.00
3,13.0,13.0,370,380,0,0,0,0.00,0.00
4,10.0,10.0,0,10,7798,329,7469,63.44,14.81
4,10.0,10.0,10,20,181,46,135,17.14,13.86
4,10.0,10.0,20,30,741,403,338,75.84,75.33
4,10.0,10.0,30,40,501,503,-2,87.89,90.96
4,10.0,10.0,40,50,780,734,46,96.42,96.71
4,10.0,10.0,50,60,453,355,98,98.69,98.89
4,10.0,10.0,60,70,210,112,98,99.06,100.00
4,10.0,10.0,70,80,292,219,73,100.00,99.55
4,10.0,10.0,80,90,35,15,20,100.00,100.00
4,10.0,10.0,90,100,6,0,6,100.00,0.00
4,10.0,10.0,100,110,1,0,1,100.00,0.00
4,10.0,10.0,110,120,5,0,5,50.00,0.00
4,10.0,10.0,120,130,0,0,0,0.00,0.00
4,10.0,10.0,130,140,0,0,0,0.00,0.00
4,10.0,10.0,140,150,0,0,0,0.00,0.00
4,10.0,10.0,150,160,0,0,0,0.00,0.00
4,10.0,10.0,160,170,0,0,0,0.00,0.00
4,10.0,10.0,170,180,0,0,0,0.00,0.00
4,10.0,10.0,180,190,0,0,0,0.00,0.00
4,10.0,10.0,190,200,0,0,0,0.00,0.00
4,10.0,10.0,200,210,0,0,0,0.00,0.00
4,10.0,10.0,210,220,0,0,0,0.00,0.00
4,10.0,10.0,220,230,0,0,0,0.00,0.00
4,10.0,10.0,230,240,0,0,0,0.00,0.00
4,10.0,10.0,240,250,0,0,0,0.00,0.00
4,10.0,10.0,250,260,0,0,0,0.00,0.00
4,10.0,10.0,260,270,0,0,0,0.00,0.00
4,10.0,10.0,270,280,0,0,0,0.00,0.00
4,10.0,10.0,280,290,0,0,0,0.00,0.00
4,10.0,10.0,290,300,0,0,0,0.00,0.00
4,10.0,10.0,300,310,0,0,0,0.00,0.00
4,10.0,10.0,310,320,0,0,0,0.00,0.00
4,10.0,10.0,320,330,0,0,0,0.00,0.00
4,10.0,10.0,330,340,0,0,0,0.00,0.00
4,10.0,10.0,340,350,0,0,0,0.00,0.00
4,10.0,10.0,350,360,0,0,0,0.00,0.00
4,10.0,10.0,360,370,0,0,0,0.00,0.00
4,10.0,10.0,370,380,0,0,0,0.00,0.00
5,7.8,7.8,0,10,8503,709,7794,66.25,22.06
5,7.8,7.8,10,20,2786,31,2755,63.06,12.70
5,7.8,7.8,20,30,1265,239,1026,90.81,67.90
5,7.8,7.8,30,40,635,468,167,93.25,93.23
5,7.8,7.8,40,50,554,526,28,96.18,97.59
5,7.8,7.8,50,60,383,348,35,98.46,97.48
5,7.8,7.8,60,70,298,138,160,99.33,99.28
5,7.8,7.8,70,80,370,303,67,98.93,99.67
5,7.8,7.8,80,90,188,113,75,98.43,100.00
5,7.8,7.8,90,100,66,31,35,97.06,100.00
5,7.8,7.8,100,110,3,0,3,100.00,0.00
5,7.8,7.8,110,120,37,6,31,78.72,100.00
5,7.8,7.8,120,130,26,9,17,83.87,100.00
5,7.8,7.8,130,140,9,16,-7,64.29,100.00
5,7.8,7.8,140,150,0,1,-1,0.00,100.00
5,7.8,7.8,150,160,0,0,0,0.00,0.00
5,7.8,7.8,160,170,0,0,0,0.00,0.00
5,7.8,7.8,170,180,0,0,0,0.00,0.00
5,7.8,7.8,180,190,0,0,0,0.00,0.00
5,7.8,7.8,190,200,0,0,0,0.00,0.00
5,7.8,7.8,200,210,0,0,0,0.00,0.00
5,7.8,7.8,210,220,0,0,0,0.00,0.00
5,7.8,7.8,220,230,0,0,0,0.00,0.00
5,7.8,7.8,230,240,0,0,0,0.00,0.00
5,7.8,7.8,240,250,0,0,0,0.00,0.00
5,7.8,7.8,250,260,0,0,0,0.00,0.00
5,7.8,7.8,260,270,0,0,0,0.00,0.00
5,7.8,7.8,270,280,0,0,0,0.00,0.00
5,7.8,7.8,280,290,0,0,0,0.00,0.00
5,7.8,7.8,290,300,0,0,0,0.00,0.00
5,7.8,7.8,300,310,0,0,0,0.00,0.00
5,7.8,7.8,310,320,0,0,0,0.00,0.00
5,7.8,7.8,320,330,0,0,0,0.00,0.00
5,7.8,7.8,330,340,0,0,0,0.00,0.00
5,7.8,7.8,340,350,0,0,0,0.00,0.00
5,7.8,7.8,350,360,0,0,0,0.00,0.00
5,7.8,7.8,360,370,0,0,0,0.00,0.00
5,7.8,7.8,370,380,0,0,0,0.00,0.00
6,6.0,6.0,0,10,7375,1244,6131,57.27,28.62
6,6.0,6.0,10,20,7693,179,7514,85.98,14.71
6,6.0,6.0,20,30,861,532,329,69.10,63.33
6,6.0,6.0,30,40,1282,678,604,90.86,87.03
6,6.0,6.0,40,50,725,663,62,95.52,94.31
6,6.0,6.0,50,60,505,440,65,96.74,96.92
6,6.0,6.0,60,70,344,272,72,98.57,98.19
6,6.0,6.0,70,80,451,351,100,98.90,98.04
6,6.0,6.0,80,90,230,161,69,94.26,96.99
6,6.0,6.0,90,100,43,72,-29,97.73,100.00
6,6.0,6.0,100,110,8,9,-1,100.00,90.00
6,6.0,6.0,110,120,50,18,32,89.29,100.00
6,6.0,6.0,120,130,29,11,18,64.44,100.00
6,6.0,6.0,130,140,29,17,12,46.03,94.44
6,6.0,6.0,140,150,0,0,0,0.00,0.00
6,6.0,6.0,150,160,0,0,0,0.00,0.00
6,6.0,6.0,160,170,0,0,0,0.00,0.00
6,6.0,6.0,170,180,0,0,0,0.00,0.00
6,6.0,6.0,180,190,0,0,0,0.00,0.00
6,6.0,6.0,190,200,0,0,0,0.00,0.00
6,6.0,6.0,200,210,0,0,0,0.00,0.00
6,6.0,6.0,210,220,0,0,0,0.00,0.00
6,6.0,6.0,220,230,0,0,0,0.00,0.00
6,6.0,6.0,230,240,0,0,0,0.00,0.00
6,6.0,6.0,240,250,0,0,0,0.00,0.00
6,6.0,6.0,250,260,0,0,0,0.00,0.00
6,6.0,6.0,260,270,0,0,0,0.00,0.00
6,6.0,6.0,270,280,0,0,0,0.00,0.00
6,6.0,6.0,280,290,0,0,0,0.00,0.00
6,6.0,6.0,290,300,0,0,0,0.00,0.00
6,6.0,6.0,300,310,0,0,0,0.00,0.00
6,6.0,6.0,310,320,0,0,0,0.00,0.00
6,6.0,6.0,320,330,0,0,0,0.00,0.00
6,6.0,6.0,330,340,0,0,0,0.00,0.00
6,6.0,6.0,340,350,0,0,0,0.00,0.00
6,6.0,6.0,350,360,0,0,0,0.00,0.00
6,6.0,6.0,360,370,0,0,0,0.00,0.00
6,6.0,6.0,370,380,0,0,0,0.00,0.00
7,4.7,4.7,0,10,5294,1201,4093,41.07,33.49
7,4.7,4.7,10,20,12306,641,11665,95.70,36.82
7,4.7,4.7,20,30,1664,441,1223,76.82,66.92
7,4.7,4.7,30,40,661,550,111,89.20,87.86
7,4.7,4.7,40,50,830,515,315,96.29,94.67
7,4.7,4.7,50,60,487,332,155,97.40,95.95
7,4.7,4.7,60,70,352,165,187,97.51,99.40
7,4.7,4.7,70,80,302,293,9,97.73,97.02
7,4.7,4.7,80,90,239,95,144,97.95,95.96
7,4.7,4.7,90,100,41,40,1,93.18,100.00
7,4.7,4.7,100,110,24,4,20,85.71,66.67
7,4.7,4.7,110,120,22,24,-2,91.67,100.00
7,4.7,4.7,120,130,15,1,14,75.00,100.00
7,4.7,4.7,130,140,18,16,2,51.43,100.00
7,4.7,4.7,140,150,0,2,-2,0.00,100.00
7,4.7,4.7,150,160,0,0,0,0.00,0.00
7,4.7,4.7,160,170,0,0,0,0.00,0.00
7,4.7,4.7,170,180,0,0,0,0.00,0.00
7,4.7,4.7,180,190,0,0,0,0.00,0.00
7,4.7,4.7,190,200,0,0,0,0.00,0.00
7,4.7,4.7,200,210,0,0,0,0.00,0.00
7,4.7,4.7,210,220,0,0,0,0.00,0.00
7,4.7,4.7,220,230,0,0,0,0.00,0.00
7,4.7,4.7,230,240,0,0,0,0.00,0.00
7,4.7,4.7,240,250,0,0,0,0.00,0.00
7,4.7,4.7,250,260,0,0,0,0.00,0.00
7,4.7,4.7,260,270,0,0,0,0.00,0.00
7,4.7,4.7,270,280,0,0,0,0.00,0.00
7,4.7,4.7,280,290,0,0,0,0.00,0.00
7,4.7,4.7,290,300,0,0,0,0.00,0.00
7,4.7,4.7,300,310,0,0,0,0.00,0.00
7,4.7,4.7,310,320,0,0,0,0.00,0.00
7,4.7,4.7,320,330,0,0,0,0.00,0.00
7,4.7,4.7,330,340,0,0,0,0.00,0.00
7,4.7,4.7,340,350,0,0,0,0.00,0.00
7,4.7,4.7,350,360,0,0,0,0.00,0.00
7,4.7,4.7,360,370,0,0,0,0.00,0.00
7,4.7,4.7,370,380,0,0,0,0.00,0.00
8,3.5,3.5,0,10,3207,740,2467,24.98,30.34
8,3.5,3.5,10,20,11889,1741,10148,83.55,49.52
8,3.5,3.5,20,30,9628,380,9248,98.55,69.72
8,3.5,3.5,30,40,1070,463,607,91.69,86.38
8,3.5,3.5,40,50,525,459,66,93.92,95.43
8,3.5,3.5,50,60,307,270,37,96.54,96.09
8,3.5,3.5,60,70,358,172,186,95.21,96.63
8,3.5,3.5,70,80,369,209,160,97.36,99.52
8,3.5,3.5,80,90,121,95,26,96.80,93.14
8,3.5,3.5,90,100,50,33,17,89.29,94.29
8,3.5,3.5,100,110,15,5,10,68.18,100.00
8,3.5,3.5,110,120,23,10,13,69.70,100.00
8,3.5,3.5,120,130,8,1,7,50.00,50.00
8,3.5,3.5,130,140,12,15,-3,44.44,83.33
8,3.5,3.5,140,150,2,6,-4,33.33,100.00
8,3.5,3.5,150,160,0,0,0,0.00,0.00
8,3.5,3.5,160,170,0,0,0,0.00,0.00
8,3.5,3.5,170,180,0,0,0,0.00,0.00
8,3.5,3.5,180,190,0,0,0,0.00,0.00
8,3.5,3.5,190,200,0,0,0,0.00,0.00
8,3.5,3.5,200,210,0,0,0,0.00,0.00
8,3.5,3.5,210,220,0,0,0,0.00,0.00
8,3.5,3.5,220,230,0,0,0,0.00,0.00
8,3.5,3.5,230,240,0,0,0,0.00,0.00
8,3.5,3.5,240,250,0,0,0,0.00,0.00
8,3.5,3.5,250,260,0,0,0,0.00,0.00
8,3.5,3.5,260,270,0,0,0,0.00,0.00
8,3.5,3.5,270,280,0,0,0,0.00,0.00
8,3.5,3.5,280,290,0,0,0,0.00,0.00
8,3.5,3.5,290,300,0,0,0,0.00,0.00
8,3.5,3.5,300,310,0,0,0,0.00,0.00
8,3.5,3.5,310,320,0,0,0,0.00,0.00
8,3.5,3.5,320,330,0,0,0,0.00,0.00
8,3.5,3.5,330,340,0,0,0,0.00,0.00
8,3.5,3.5,340,350,0,0,0,0.00,0.00
8,3.5,3.5,350,360,0,0,0,0.00,0.00
8,3.5,3.5,360,370,0,0,0,0.00,0.00
8,3.5,3.5,370,380,0,0,0,0.00,0.00
9,2.4,2.4,0,10,2402,368,2034,18.71,21.19
9,2.4,2.4,10,20,6702,2007,4695,46.76,56.00
9,2.4,2.4,20,30,13024,892,12132,92.62,80.87
9,2.4,2.4,30,40,8990,505,8485,99.39,89.38
9,2.4,2.4,40,50,1402,421,981,98.25,95.03
9,2.4,2.4,50,60,190,281,-91,93.60,96.56
9,2.4,2.4,60,70,298,127,171,94.01,97.69
9,2.4,2.4,70,80,314,190,124,98.43,97.44
9,2.4,2.4,80,90,176,133,43,97.78,97.79
9,2.4,2.4,90,100,129,79,50,96.99,98.75
9,2.4,2.4,100,110,33,9,24,68.75,90.00
9,2.4,2.4,110,120,55,38,17,73.33,84.44
9,2.4,2.4,120,130,35,11,24,74.47,100.00
9,2.4,2.4,130,140,41,17,24,50.00,100.00
9,2.4,2.4,140,150,11,6,5,73.33,100.00
9,2.4,2.4,150,160,0,0,0,0.00,0.00
9,2.4,2.4,160,170,0,4,-4,0.00,57.14
9,2.4,2.4,170,180,0,0,0,0.00,0.00
9,2.4,2.4,180,190,0,0,0,0.00,0.00
9,2.4,2.4,190,200,0,0,0,0.00,0.00
9,2.4,2.4,200,210,0,0,0,0.00,0.00
9,2.4,2.4,210,220,0,0,0,0.00,0.00
9,2.4,2.4,220,230,0,0,0,0.00,0.00
9,2.4,2.4,230,240,0,0,0,0.00,0.00
9,2.4,2.4,240,250,0,0,0,0.00,0.00
9,2.4,2.4,250,260,0,0,0,0.00,0.00
9,2.4,2.4,260,270,0,0,0,0.00,0.00
9,2.4,2.4,270,280,0,0,0,0.00,0.00
9,2.4,2.4,280,290,0,0,0,0.00,0.00
9,2.4,2.4,290,300,0,0,0,0.00,0.00
9,2.4,2.4,300,310,0,0,0,0.00,0.00
9,2.4,2.4,310,320,0,0,0,0.00,0.00
9,2.4,2.4,320,330,0,0,0,0.00,0.00
9,2.4,2.4,330,340,0,0,0,0.00,0.00
9,2.4,2.4,340,350,0,0,0,0.00,0.00
9,2.4,2.4,350,360,0,0,0,0.00,0.00
9,2.4,2.4,360,370,0,0,0,0.00,0.00
9,2.4,2.4,370,380,0,0,0,0.00,0.00
10,1.4,1.4,0,10,1971,344,1627,15.69,20.53
10,1.4,1.4,10,20,3330,763,2567,23.74,46.81
10,1.4,1.4,20,30,5230,908,4322,37.70,85.66
10,1.4,1.4,30,40,10214,410,9804,72.29,94.47
10,1.4,1.4,40,50,13020,347,12673,97.24,94.81
10,1.4,1.4,50,60,8791,216,8575,99.61,93.91
10,1.4,1.4,60,70,3076,145,2931,99.39,95.39
10,1.4,1.4,70,80,765,150,615,99.48,100.00
10,1.4,1.4,80,90,146,90,56,84.88,95.74
10,1.4,1.4,90,100,86,53,33,71.07,91.38
10,1.4,1.4,100,110,37,38,-1,56.06,88.37
10,1.4,1.4,110,120,44,36,8,75.86,85.71
10,1.4,1.4,120,130,57,19,38,41.61,76.00
10,1.4,1.4,130,140,56,17,39,27.32,85.00
10,1.4,1.4,140,150,11,8,3,37.93,66.67
10,1.4,1.4,150,160,21,0,21,75.00,0.00
10,1.4,1.4,160,170,4,0,4,80.00,0.00
10,1.4,1.4,170,180,2,0,2,33.33,0.00
10,1.4,1.4,180,190,1,2,-1,25.00,22.22
10,1.4,1.4,190,200,1,0,1,11.11,0.00
10,1.4,1.4,200,210,0,0,0,0.00,0.00
10,1.4,1.4,210,220,0,0,0,0.00,0.00
10,1.4,1.4,220,230,0,0,0,0.00,0.00
10,1.4,1.4,230,240,0,0,0,0.00,0.00
10,1.4,1.4,240,250,0,0,0,0.00,0.00
10,1.4,1.4,250,260,0,0,0,0.00,0.00
10,1.4,1.4,260,270,0,0,0,0.00,0.00
10,1.4,1.4,270,280,0,0,0,0.00,0.00
10,1.4,1.4,280,290,0,0,0,0.00,0.00
10,1.4,1.4,290,300,0,0,0,0.00,0.00
10,1.4,1.4,300,310,0,0,0,0.00,0.00
10,1.4,1.4,310,320,0,0,0,0.00,0.00
10,1.4,1.4,320,330,0,0,0,0.00,0.00
10,1.4,1.4,330,340,0,0,0,0.00,0.00
10,1.4,1.4,340,350,0,0,0,0.00,0.00
10,1.4,1.4,350,360,0,0,0,0.00,0.00
10,1.4,1.4,360,370,0,0,0,0.00,0.00
10,1.4,1.4,370,380,0,0,0,0.00,0.00
11,0.8,0.8,0,10,1738,418,1320,14.16,19.10
11,0.8,0.8,10,20,1811,724,1087,13.91,37.71
11,0.8,0.8,20,30,1492,814,678,11.40,85.32
11,0.8,0.8,30,40,2090,555,1535,15.94,95.69
11,0.8,0.8,40,50,6449,418,6031,48.08,95.00
11,0.8,0.8,50,60,9098,304,8794,69.71,98.38
11,0.8,0.8,60,70,8749,197,8552,76.92,93.81
11,0.8,0.8,70,80,6640,151,6489,84.65,100.00
11,0.8,0.8,80,90,6332,270,6062,92.95,95.07
11,0.8,0.8,90,100,3510,397,3113,93.70,90.23
11,0.8,0.8,100,110,1802,241,1561,84.80,86.07
11,0.8,0.8,110,120,951,49,902,85.91,65.33
11,0.8,0.8,120,130,252,35,217,62.38,58.33
11,0.8,0.8,130,140,36,8,28,12.81,57.14
11,0.8,0.8,140,150,19,13,6,22.62,52.00
11,0.8,0.8,150,160,26,0,26,55.32,0.00
11,0.8,0.8,160,170,0,1,-1,0.00,16.67
11,0.8,0.8,170,180,4,0,4,33.33,0.00
11,0.8,0.8,180,190,2,1,1,40.00,14.29
11,0.8,0.8,190,200,0,0,0,0.00,0.00
11,0.8,0.8,200,210,0,0,0,0.00,0.00
11,0.8,0.8,210,220,0,0,0,0.00,0.00
11,0.8,0.8,220,230,0,0,0,0.00,0.00
11,0.8,0.8,230,240,0,0,0,0.00,0.00
11,0.8,0.8,240,250,0,0,0,0.00,0.00
11,0.8,0.8,250,260,0,0,0,0.00,0.00
11,0.8,0.8,260,270,0,0,0,0.00,0.00
11,0.8,0.8,270,280,0,0,0,0.00,0.00
11,0.8,0.8,280,290,0,0,0,0.00,0.00
11,0.8,0.8,290,300,0,0,0,0.00,0.00
11,0.8,0.8,300,310,0,0,0,0.00,0.00
11,0.8,0.8,310,320,0,0,0,0.00,0.00
11,0.8,0.8,320,330,0,0,0,0.00,0.00
11,0.8,0.8,330,340,0,0,0,0.00,0.00
11,0.8,0.8,340,350,0,0,0,0.00,0.00
11,0.8,0.8,350,360,0,0,0,0.00,0.00
11,0.8,0.8,360,370,0,0,0,0.00,0.00
11,0.8,0.8,370,380,0,0,0,0.00,0.00
12,0.5,0.5,0,10,1778,540,1238,14.75,20.30
12,0.5,0.5,10,20,1338,934,404,10.95,41.51
12,0.5,0.5,20,30,845,1156,-311,6.73,84.81
12,0.5,0.5,30,40,913,639,274,7.42,91.16
12,0.5,0.5,40,50,3763,599,3164,29.22,96.46
12,0.5,0.5,50,60,6249,388,5861,48.64,98.23
12,0.5,0.5,60,70,7747,345,7402,63.04,94.52
12,0.5,0.5,70,80,5923,386,5537,66.30,95.07
12,0.5,0.5,80,90,5572,586,4986,67.72,73.99
12,0.5,0.5,90,100,4268,443,3825,70.49,48.42
12,0.5,0.5,100,110,2414,569,1845,61.85,58.48
12,0.5,0.5,110,120,1397,515,882,56.40,72.03
12,0.5,0.5,120,130,1102,237,865,58.99,77.96
12,0.5,0.5,130,140,531,68,463,54.52,59.65
12,0.5,0.5,140,150,51,21,30,42.50,60.00
12,0.5,0.5,150,160,48,8,40,59.26,66.67
12,0.5,0.5,160,170,7,4,3,53.85,30.77
12,0.5,0.5,170,180,2,1,1,18.18,50.00
12,0.5,0.5,180,190,0,6,-6,0.00,42.86
12,0.5,0.5,190,200,0,0,0,0.00,0.00
12,0.5,0.5,200,210,0,0,0,0.00,0.00
12,0.5,0.5,210,220,0,0,0,0.00,0.00
12,0.5,0.5,220,230,0,0,0,0.00,0.00
12,0.5,0.5,230,240,0,0,0,0.00,0.00
12,0.5,0.5,240,250,0,0,0,0.00,0.00
12,0.5,0.5,250,260,0,0,0,0.00,0.00
12,0.5,0.5,260,270,0,0,0,0.00,0.00
12,0.5,0.5,270,280,0,0,0,0.00,0.00
12,0.5,0.5,280,290,0,0,0,0.00,0.00
12,0.5,0.5,290,300,0,0,0,0.00,0.00
12,0.5,0.5,300,310,0,0,0,0.00,0.00
12,0.5,0.5,310,320,0,0,0,0.00,0.00
12,0.5,0.5,320,330,0,0,0,0.00,0.00
12,0.5,0.5,330,340,0,0,0,0.00,0.00
12,0.5,0.5,340,350,0,0,0,0.00,0.00
12,0.5,0.5,350,360,0,0,0,0.00,0.00
12,0.5,0.5,360,370,0,0,0,0.00,0.00
12,0.5,0.5,370,380,0,0,0,0.00,0.00
